iter	Logloss
0	0.6006247089
500	0.04707162213
1000	0.02130444045
